{
   "rand_agent_index": 28,
   "genotype_distance": 0.10288334260020116,
   "trials_performances": [
      4999.124380126085,
      4999.271091442345,
      4998.0948531056665,
      4998.415329013737
   ],
   "experiment_performance": 4998.726413421959
}