{
   "rand_agent_index": 27,
   "genotype_distance": 0.12099661696800956,
   "trials_performances": [
      4998.488857178069,
      4999.168953524473,
      4997.384412704438,
      4998.529752323201
   ],
   "experiment_performance": 4998.392993932545
}