{
   "rand_agent_index": 29,
   "genotype_distance": 0.09299463298340543,
   "trials_performances": [
      4998.942633518139,
      4998.254861042533,
      4998.4139002909515,
      4997.90065353817
   ],
   "experiment_performance": 4998.378012097448
}